f1,f2,MAC1,MAC2,LABEL
6.2556,14.706,0.9999999947,0.9999998738,0
6.2442,14.674,0.9999999987,0.9999999688,0
6.2333,14.643,1.0000000000,1.0000000000,0
6.2229,14.614,0.9999999980,0.9999999729,0
6.2129,14.586,0.9999999948,0.9999998939,0
6.2033,14.559,0.9999999958,0.9999999222,0
6.1942,14.533,0.9999999986,0.9999999802,0
6.1855,14.509,1.0000000000,1.0000000000,0
6.1773,14.486,0.9999999991,0.9999999847,0
6.1696,14.464,0.9999999967,0.9999999389,0
6.1623,14.444,0.9999999981,0.9999999558,0
6.1554,14.425,0.9999999993,0.9999999896,0
6.1491,14.407,1.0000000000,1.0000000000,0
6.1432,14.391,0.9999999995,0.9999999914,0
6.1378,14.376,0.9999999981,0.9999999690,0
6.1329,14.362,0.9999999993,0.9999999831,0
6.1284,14.35,0.9999999999,0.9999999962,0
6.1245,14.338,1.0000000000,1.0000000000,0
6.0172,13.916,0.9999170210,0.9990399221,1
5.9832,13.827,0.9999219026,0.9991822416,1
5.9365,13.714,0.9999393942,0.9994644783,1
5.9728,13.797,0.9999256813,0.9987302225,1
5.9552,13.748,0.9999236323,0.9986279936,1
5.9638,13.692,0.9997731978,0.9976047635,1
5.9589,13.699,0.9998303075,0.9973917542,1
5.9318,13.575,0.9996928730,0.9970239519,1
5.9651,13.632,0.9996197783,0.9953219677,1
5.9454,13.579,0.9996238032,0.9951883104,1
5.9445,13.578,0.9996431083,0.9944301495,1
5.8993,13.468,0.9996711924,0.9951932638,1
5.8957,13.427,0.9995802298,0.9941994774,1
5.9194,13.436,0.9994010328,0.9916971886,1
5.9653,13.506,0.9992304092,0.9873779416,1
5.8634,13.287,0.9994003063,0.9918762446,1
5.8665,13.263,0.9993043433,0.9886347725,1
5.8487,13.191,0.9991955601,0.9878641320,1
5.8663,13.183,0.9989513502,0.9843295826,1
5.8494,13.125,0.9988910330,0.9833850654,2
5.7999,13.003,0.9989043456,0.9850391955,2
5.8036,13.001,0.9988841222,0.9824481240,2
5.8012,12.971,0.9987807453,0.9799392820,2
5.7078,12.809,0.9991584191,0.9856554988,2
5.7466,12.825,0.9987568366,0.9794508896,2
5.7432,12.772,0.9984983206,0.9766244231,2
5.7513,12.74,0.9981787891,0.9721286239,2
5.7025,12.614,0.9981151027,0.9742755893,2
5.7371,12.641,0.9977574470,0.9657556284,2
5.6969,12.544,0.9977760474,0.9669686777,2
5.6504,12.44,0.9978561464,0.9689547717,2
5.6594,12.406,0.9974336053,0.9631280097,2
5.6215,12.315,0.9974570507,0.9638836306,2
5.6287,12.304,0.9973103930,0.9569654822,2
5.6255,12.241,0.9967975862,0.9520292222,2
5.5899,12.14,0.9966226842,0.9526366641,2
5.5732,12.08,0.9964832461,0.9490766653,2
5.5458,12.007,0.9964403604,0.9472603333,2
5.4939,11.838,0.9959459171,0.9438383026,3
5.51,11.821,0.9954406582,0.9311606136,3
5.4734,11.729,0.9953910453,0.9307346858,3
5.4477,11.626,0.9947297754,0.9300105100,3
5.4266,11.563,0.9946668173,0.9242140833,3
5.3605,11.451,0.9952642306,0.9288859686,3
5.3667,11.371,0.9937708174,0.9219219783,3
5.3776,11.334,0.9929394740,0.9067106971,3
5.3194,11.207,0.9929075341,0.9132674142,3
5.276,11.107,0.9929147708,0.9130668329,3
5.2786,11.056,0.9920254945,0.8986108613,3
5.245,10.969,0.9918924904,0.8931609436,3
5.2271,10.881,0.9908245692,0.8877268948,3
5.2,10.798,0.9904599536,0.8785346142,3
5.1461,10.67,0.9899162905,0.8872846349,3
5.1484,10.615,0.9887353055,0.8655822177,3
5.0482,10.446,0.9894992099,0.8890372070,3
5.0638,10.395,0.9872627930,0.8680982175,3
4.9755,10.241,0.9879418510,0.8840511752,3
5.9682,13.904,0.9999858636,0.9997785664,4
5.9384,13.792,0.9999796407,0.9999018441,4
5.9608,13.89,0.9999756345,0.9995476754,4
5.9548,13.882,0.9999692643,0.9993532570,4
5.9452,13.849,0.9999643864,0.9993103317,4
5.9057,13.742,0.9999668984,0.9993586977,4
5.9376,13.787,0.9999377367,0.9993586841,4
5.9358,13.75,0.9999035072,0.9993536849,4
5.9026,13.739,0.9999370590,0.9987080309,4
5.8523,13.621,0.9999372497,0.9985800059,4
5.8827,13.618,0.9998999896,0.9990896306,4
5.8759,13.65,0.9999089265,0.9983724146,4
5.8409,13.521,0.9999021121,0.9988146993,4
5.8605,13.594,0.9998824448,0.9980982475,4
5.8489,13.591,0.9998704701,0.9974023270,4
5.8042,13.45,0.9998787355,0.9978776186,4
5.8056,13.398,0.9998349207,0.9982672666,4
5.793,13.375,0.9998313101,0.9979354997,4
5.7918,13.403,0.9998225176,0.9970738348,4
5.7058,13.138,0.9998247037,0.9978303288,5
5.7533,13.254,0.9997549773,0.9969767644,5
5.7308,13.173,0.9997278193,0.9971097024,5
5.7181,13.139,0.9997114782,0.9968007575,5
5.7015,13.139,0.9997248257,0.9957196290,5
5.6749,13.033,0.9996994249,0.9962515046,5
5.6637,12.989,0.9996652837,0.9960972635,5
5.6552,12.989,0.9996563304,0.9951757259,5
5.6316,12.946,0.9996496952,0.9944324679,5
5.6341,12.915,0.9995912546,0.9945398346,5
5.579,12.805,0.9996235347,0.9939368153,5
5.6079,12.874,0.9995453152,0.9927229188,5
5.5911,12.82,0.9995162861,0.9924739483,5
5.5253,12.678,0.9995393333,0.9919529811,5
5.5423,12.679,0.9994735087,0.9920036534,5
5.5358,12.612,0.9993982955,0.9925348503,5
5.5111,12.562,0.9993916013,0.9917127131,5
5.4681,12.406,0.9993563501,0.9928117993,5
5.4887,12.454,0.9992582534,0.9914043746,5
5.4333,12.332,0.9992437647,0.9898458828,6
5.4403,12.306,0.9991161813,0.9896413431,6
5.4125,12.27,0.9991275167,0.9879441929,6
5.3847,12.167,0.9990762627,0.9883572044,6
5.3713,12.097,0.9989794890,0.9883480545,6
5.3617,12.087,0.9989344980,0.9866132135,6
5.3238,11.954,0.9988801758,0.9873234924,6
5.3224,11.987,0.9988302155,0.9843220452,6
5.3007,11.877,0.9987197494,0.9851852108,6
5.2591,11.774,0.9987202782,0.9846091723,6
5.2332,11.663,0.9986083951,0.9850977054,6
5.2049,11.618,0.9986099266,0.9831450175,6
5.1946,11.559,0.9984780563,0.9825285514,6
5.1585,11.464,0.9984457872,0.9817650864,6
5.1415,11.408,0.9983468797,0.9805008800,6
5.1107,11.297,0.9982499410,0.9805230229,6
5.0856,11.219,0.9981617501,0.9794695335,6
5.0575,11.131,0.9980717311,0.9785814424,6
5.0257,11.042,0.9980013318,0.9774210105,6
5.9804,14.024,0.9999521067,0.9995517577,7
6.0096,14.155,0.9998833998,0.9990108535,7
5.966,13.992,0.9999359856,0.9995075115,7
6.0058,14.168,0.9998319828,0.9987717986,7
5.9175,13.896,0.9998900200,0.9989050536,7
5.9478,14.022,0.9998084862,0.9983613967,7
5.9349,13.984,0.9998089618,0.9984988071,7
5.9128,13.915,0.9998190174,0.9986423448,7
5.9375,14.056,0.9996486546,0.9971777558,7
5.942,14.112,0.9995190541,0.9960264677,7
5.9605,14.173,0.9994690644,0.9962693158,7
5.9197,14.084,0.9993950321,0.9950433869,7
5.8609,13.869,0.9995653480,0.9965961970,7
5.8701,13.94,0.9994111988,0.9953647234,7
5.8135,13.764,0.9994808078,0.9956522812,7
5.8912,14.072,0.9991108026,0.9934707243,7
5.8352,13.85,0.9993590922,0.9957555572,7
5.8679,14.06,0.9988627581,0.9914071743,7
5.7899,13.776,0.9991678857,0.9938107887,7
5.7437,13.639,0.9991933134,0.9944308309,8
5.7259,13.605,0.9991244094,0.9939485553,8
5.754,13.791,0.9985982752,0.9894652250,8
5.712,13.651,0.9987203013,0.9906029995,8
5.7134,13.694,0.9985041764,0.9891772097,8
5.7277,13.779,0.9982391955,0.9878166796,8
5.6916,13.651,0.9983911155,0.9894630074,8
5.7498,13.936,0.9976114826,0.9844336378,8
5.6637,13.66,0.9978535739,0.9849388695,8
5.6504,13.629,0.9978163271,0.9854857240,8
5.6289,13.59,0.9976773932,0.9845686605,8
5.6424,13.697,0.9971822076,0.9814044713,8
5.6007,13.581,0.9971775934,0.9811456151,8
5.5311,13.353,0.9974314560,0.9824414405,8
5.5442,13.476,0.9967613380,0.9775397724,8
5.513,13.397,0.9967017381,0.9773305216,8
5.4872,13.349,0.9965042428,0.9759350432,8
5.466,13.287,0.9965668671,0.9778062481,8
5.4583,13.331,0.9960022022,0.9736860950,8
5.4408,13.385,0.9950950091,0.9684747705,9
5.4165,13.365,0.9946222960,0.9648360971,9
5.3943,13.312,0.9945851237,0.9663161887,9
5.3535,13.21,0.9944763977,0.9656149958,9
5.3748,13.394,0.9932286288,0.9581194023,9
5.3314,13.279,0.9931710331,0.9580435557,9
5.3065,13.266,0.9925634451,0.9539562577,9
5.2688,13.163,0.9925965846,0.9557069699,9
5.2479,13.17,0.9918953001,0.9515230548,9
5.2379,13.218,0.9910978560,0.9479018575,9
5.168,13.023,0.9910314896,0.9455269985,9
5.1092,12.864,0.9909472980,0.9443024896,9
5.1222,13.04,0.9893762164,0.9362840974,9
5.0838,12.965,0.9890620075,0.9358368392,9
5.0304,12.85,0.9886059853,0.9319776008,9
5.004,12.85,0.9877683489,0.9283225528,9
4.9585,12.756,0.9874254761,0.9276120594,9
4.9099,12.667,0.9868698138,0.9244656151,9
4.8874,12.699,0.9857841472,0.9207274578,9
5.9711,13.79,0.9999171528,0.9990535695,1
5.9373,13.702,0.9999221250,0.9991941605,1
5.8911,13.59,0.9999394914,0.9994727949,1
5.9269,13.673,0.9999257151,0.9987490240,1
5.9094,13.623,0.9999237416,0.9986479916,1
5.9182,13.568,0.9997735975,0.9976415948,1
5.9131,13.576,0.9998306936,0.9974319284,1
5.8865,13.453,0.9996935841,0.9970690394,1
5.9194,13.509,0.9996201415,0.9953941802,1
5.8998,13.457,0.9996240784,0.9952632678,1
5.8988,13.456,0.9996436090,0.9945197846,1
5.8539,13.347,0.9996717338,0.9952737617,1
5.8504,13.307,0.9995808481,0.9942958441,1
5.8739,13.316,0.9994017967,0.9918348066,1
5.9193,13.385,0.9992320240,0.9875832341,1
5.8183,13.169,0.9994010689,0.9920153645,1
5.8047,13.107,0.9992932936,0.9911792278,1
5.8212,13.145,0.9993054025,0.9888342730,1
5.8036,13.074,0.9991971153,0.9880795857,1
5.8211,13.066,0.9989539850,0.9846063779,1
5.8043,13.009,0.9988937499,0.9836843835,2
5.7553,12.889,0.9989062991,0.9853129963,2
5.7588,12.887,0.9988861013,0.9827733192,2
5.7563,12.857,0.9987828237,0.9803162327,2
5.6636,12.696,0.9991607338,0.9859318509,2
5.7021,12.713,0.9987598715,0.9798444628,2
5.6988,12.66,0.9985011654,0.9770763678,2
5.7068,12.629,0.9981821523,0.9726780125,2
5.6586,12.505,0.9981189473,0.9747991628,2
5.6927,12.532,0.9977622955,0.9664386544,2
5.6528,12.436,0.9977808682,0.9676429122,2
5.6067,12.332,0.9978619249,0.9696090166,2
5.6157,12.3,0.9974399859,0.9639053588,2
5.578,12.209,0.9974642574,0.9646678239,2
5.5849,12.199,0.9973169055,0.9578843410,2
5.5819,12.137,0.9968057993,0.9530743658,2
5.5466,12.037,0.9966331751,0.9537019891,2
5.53,11.978,0.9964926371,0.9502330175,2
5.5027,11.905,0.9964511478,0.9484731365,2
5.4882,11.832,0.9960241114,0.9448455090,2
5.4513,11.739,0.9959575201,0.9451818570,3
5.4671,11.722,0.9954539037,0.9327834244,3
5.4307,11.632,0.9954046741,0.9324045126,3
5.4054,11.53,0.9947460710,0.9317714513,3
5.3843,11.468,0.9946841604,0.9261211478,3
5.3186,11.357,0.9952809929,0.9306870683,3
5.325,11.278,0.9937904775,0.9240192590,3
5.3357,11.242,0.9929626682,0.9091941234,3
5.278,11.117,0.9929307862,0.9156833025,3
5.2349,11.019,0.9929405536,0.9155302194,3
5.2374,10.969,0.9920534181,0.9014783064,3
5.2039,10.882,0.9919205747,0.8961909193,3
5.1863,10.796,0.9908547123,0.8910333823,3
5.1593,10.714,0.9904940060,0.8821032348,3
5.106,10.588,0.9899539316,0.8908265370,3
5.1081,10.534,0.9887765865,0.8697336021,3
5.0088,10.366,0.9895412425,0.8927304618,3
5.0242,10.317,0.9873136430,0.8725293384,3
4.9366,10.165,0.9879925849,0.8881553260,3
4.9465,10.113,0.9858484317,0.8650429883,3
5.9228,13.778,0.9999858849,0.9997816148,4
5.8933,13.668,0.9999796641,0.9999033011,4
5.9156,13.764,0.9999756816,0.9995532317,4
5.9097,13.757,0.9999692937,0.9993620414,4
5.9003,13.724,0.9999642832,0.9993196548,4
5.861,13.618,0.9999668577,0.9993671105,4
5.8929,13.662,0.9999377771,0.9993658999,4
5.8912,13.626,0.9999033897,0.9993596231,4
5.8582,13.615,0.9999369998,0.9987241251,4
5.8082,13.498,0.9999372920,0.9985984173,4
5.8386,13.495,0.9998999922,0.9990996841,4
5.8319,13.527,0.9999089782,0.9983926377,4
5.7972,13.399,0.9999022509,0.9988285491,4
5.8168,13.472,0.9998825043,0.9981217711,4
5.8053,13.469,0.9998702626,0.9974335218,4
5.761,13.329,0.9998787974,0.9979036119,4
5.7625,13.278,0.9998349940,0.9982866965,4
5.75,13.255,0.9998312404,0.9979586772,4
5.7489,13.283,0.9998223533,0.9971085737,4
5.7011,13.15,0.9998317490,0.9973516615,4
5.6636,13.021,0.9998246177,0.9978542735,5
5.7109,13.135,0.9997548002,0.9970097319,5
5.6887,13.055,0.9997276439,0.9971397892,5
5.6762,13.022,0.9997112850,0.9968346644,5
5.6598,13.022,0.9997247736,0.9957687019,5
5.6334,12.917,0.9996992303,0.9962929684,5
5.6225,12.874,0.9996647694,0.9961389543,5
5.6141,12.874,0.9996565237,0.9952279793,5
5.5907,12.832,0.9996496787,0.9944967626,5
5.5933,12.801,0.9995910274,0.9945992644,5
5.5386,12.692,0.9996240062,0.9940062908,5
5.5676,12.761,0.9995452167,0.9928057591,5
5.5511,12.707,0.9995158223,0.9925568187,5
5.4856,12.567,0.9995396146,0.9920438367,5
5.5028,12.568,0.9994741716,0.9920918848,5
5.4965,12.501,0.9993985654,0.9926135951,5
5.4721,12.452,0.9993918733,0.9917993916,5
5.4294,12.298,0.9993565380,0.9928870774,5
5.4502,12.346,0.9992585611,0.9914953604,5
5.3375,12.095,0.9994088727,0.9920143305,5
5.3953,12.225,0.9992445682,0.9899549200,6
5.4025,12.2,0.9991176820,0.9897469381,6
5.3751,12.164,0.9991284931,0.9880709181,6
5.3476,12.062,0.9990778200,0.9884796718,6
5.3345,11.993,0.9989800123,0.9884660456,6
5.3252,11.984,0.9989358517,0.9867533822,6
5.2877,11.853,0.9988820159,0.9874498170,6
5.2865,11.886,0.9988318762,0.9844812625,6
5.2652,11.776,0.9987215855,0.9853324563,6
5.224,11.675,0.9987224949,0.9847653667,6
5.1984,11.565,0.9986110987,0.9852451769,6
5.1705,11.521,0.9986133434,0.9833143588,6
5.1606,11.463,0.9984809226,0.9826990259,6
5.1249,11.369,0.9984486984,0.9819475078,6
5.1083,11.314,0.9983501692,0.9806919514,6
5.0779,11.204,0.9982542778,0.9807119986,6
5.0533,11.128,0.9981660569,0.9796692710,6
5.0256,11.041,0.9980767021,0.9787908210,6
4.9942,10.953,0.9980058577,0.9776386096,6
4.9977,10.9,0.9977268436,0.9767424140,6
5.9345,13.896,0.9999521149,0.9995561305,7
5.9634,14.026,0.9998832866,0.9990211598,7
5.92,13.865,0.9999361542,0.9995111640,7
5.9594,14.039,0.9998321261,0.9987835226,7
5.872,13.769,0.9998899026,0.9989169762,7
5.9019,13.894,0.9998085192,0.9983791186,7
5.8891,13.856,0.9998088192,0.9985137495,7
5.8671,13.789,0.9998191390,0.9986550663,7
5.8916,13.928,0.9996487150,0.9972081841,7
5.8961,13.983,0.9995191370,0.9960700134,7
5.9143,14.044,0.9994688549,0.9963072470,7
5.874,13.956,0.9993948164,0.9950976451,7
5.8155,13.743,0.9995653652,0.9966320904,7
5.8246,13.813,0.9994109888,0.9954146916,7
5.7686,13.639,0.9994812111,0.9957002758,7
5.8454,13.943,0.9991108476,0.9935397411,7
5.7898,13.724,0.9993592002,0.9957979892,7
5.8223,13.932,0.9988627393,0.9915005538,7
5.745,13.651,0.9991680281,0.9938759913,7
5.7463,13.671,0.9990846481,0.9936788405,7
5.699,13.515,0.9991934500,0.9944887495,8
5.6814,13.482,0.9991248247,0.9940113323,8
5.7093,13.666,0.9985992531,0.9895810141,8
5.6676,13.528,0.9987213571,0.9907053705,8
5.6689,13.57,0.9985051953,0.9892954661,8
5.683,13.653,0.9982399253,0.9879519661,8
5.6471,13.527,0.9983922945,0.9895784893,8
5.7046,13.809,0.9976133960,0.9846057406,8
5.6194,13.537,0.9978560441,0.9851069293,8
5.6061,13.505,0.9978179867,0.9856480808,8
5.5848,13.467,0.9976795368,0.9847426582,8
5.5981,13.573,0.9971843711,0.9816146011,8
5.5568,13.458,0.9971804493,0.9813577283,8
5.4878,13.233,0.9974355205,0.9826424111,8
5.5008,13.355,0.9967657743,0.9777952615,8
5.4699,13.277,0.9967054488,0.9775925282,8
5.4442,13.229,0.9965090890,0.9762129840,8
5.423,13.167,0.9965708538,0.9780672232,8
5.4154,13.211,0.9960085631,0.9739914684,8
5.4041,13.251,0.9953447069,0.9687601431,8
5.398,13.265,0.9951032198,0.9688446698,9
5.3738,13.245,0.9946316608,0.9652472565,9
5.3517,13.193,0.9945944290,0.9667171066,9
5.3112,13.092,0.9944858142,0.9660286818,9
5.3323,13.274,0.9932422972,0.9586171689,9
5.2892,13.161,0.9931836777,0.9585495448,9
5.2645,13.148,0.9925789344,0.9545091414,9
5.2271,13.046,0.9926116650,0.9562504419,9
5.2063,13.053,0.9919134473,0.9521134739,9
5.1963,13.1,0.9911168170,0.9485474982,9
5.1271,12.908,0.9910528267,0.9461908517,9
5.0688,12.751,0.9909700227,0.9449841611,9
5.0816,12.926,0.9894020664,0.9370639341,9
5.0435,12.851,0.9890918825,0.9366332857,9
4.9906,12.738,0.9886371262,0.9328162459,9
4.9643,12.738,0.9878027731,0.9292210867,9
4.9191,12.645,0.9874634807,0.9285298193,9
4.871,12.557,0.9869101048,0.9254245316,9
4.8486,12.589,0.9858294742,0.9217613884,9
4.8071,12.545,0.9849648092,0.9177277637,9
5.936,13.694,0.9999173949,0.9990648399,1
5.9025,13.607,0.9999223588,0.9992036073,1
5.8565,13.496,0.9999395907,0.9994795663,1
5.8919,13.578,0.9999260348,0.9987647181,1
5.8745,13.529,0.9999239632,0.9986644949,1
5.8835,13.475,0.9997740111,0.9976700947,1
5.8782,13.482,0.9998309866,0.9974630252,1
5.852,13.36,0.9996938397,0.9971057381,1
5.8846,13.416,0.9996206706,0.9954505999,1
5.8651,13.364,0.9996249222,0.9953239383,1
5.8639,13.364,0.9996444265,0.9945888711,1
5.8194,13.256,0.9996725068,0.9953350294,1
5.8159,13.216,0.9995819558,0.9943702046,1
5.8393,13.225,0.9994028748,0.9919416999,1
5.8842,13.294,0.9992332893,0.9877445096,1
5.784,13.079,0.9994027610,0.9921243258,1
5.7705,13.018,0.9992947413,0.9913041707,1
5.7867,13.055,0.9993072675,0.9889859155,1
5.7693,12.985,0.9991991197,0.9882463809,1
5.7867,12.977,0.9989554458,0.9848229145,1
5.77,12.921,0.9988952698,0.9839143302,2
5.7213,12.801,0.9989086521,0.9855281628,2
5.7247,12.8,0.9988888166,0.9830201168,2
5.7222,12.771,0.9987856734,0.9806027682,2
5.63,12.611,0.9991630067,0.9861444367,2
5.6682,12.627,0.9987633473,0.9801510478,2
5.665,12.576,0.9985050103,0.9774274254,2
5.6729,12.545,0.9981871910,0.9730930374,2
5.6251,12.421,0.9981238029,0.9752059280,2
5.6589,12.449,0.9977668970,0.9669652542,2
5.6193,12.353,0.9977866900,0.9681653456,2
5.5734,12.251,0.9978669883,0.9701098165,2
5.5824,12.219,0.9974457652,0.9645077014,2
5.5449,12.129,0.9974711438,0.9652711307,2
5.5516,12.119,0.9973240049,0.9585983709,2
5.5487,12.058,0.9968136171,0.9538797128,2
5.5137,11.959,0.9966412205,0.9545208753,2
5.497,11.901,0.9965016775,0.9511207518,2
5.4699,11.828,0.9964602483,0.9493979457,2
5.4556,11.756,0.9960346168,0.9458630834,2
5.4188,11.663,0.9959689504,0.9462166550,3
5.4344,11.647,0.9954660533,0.9340365555,3
5.3982,11.558,0.9954172016,0.9336850035,3
5.3732,11.457,0.9947592629,0.9331232702,3
5.3521,11.396,0.9946990163,0.9275792368,3
5.2867,11.285,0.9952957569,0.9320674039,3
5.2932,11.208,0.9938086493,0.9256223866,3
5.3038,11.173,0.9929814801,0.9110966584,3
5.2465,11.049,0.9929526273,0.9175298033,3
5.2036,10.951,0.9929618970,0.9174173854,3
5.206,10.902,0.9920761490,0.9036689490,3
5.1727,10.817,0.9919451021,0.8985089903,3
5.1552,10.731,0.9908837524,0.8935592730,3
5.1283,10.65,0.9905239626,0.8848290288,3
5.0753,10.525,0.9899862885,0.8935289343,3
5.0774,10.473,0.9888103145,0.8728887184,3
4.9787,10.306,0.9895768162,0.8955300339,3
4.994,10.258,0.9873540989,0.8758965647,3
4.907,10.107,0.9880345546,0.8912674106,3
4.9167,10.056,0.9858949547,0.8687780509,3
5.8883,13.682,0.9999858242,0.9997837817,4
5.8589,13.573,0.9999797221,0.9999040988,4
5.8812,13.668,0.9999755698,0.9995578622,4
5.8754,13.661,0.9999691653,0.9993679609,4
5.866,13.629,0.9999642653,0.9993261423,4
5.827,13.523,0.9999668158,0.9993737332,4
5.8588,13.567,0.9999378456,0.9993711882,4
5.8572,13.532,0.9999035277,0.9993645280,4
5.8244,13.521,0.9999368633,0.9987367050,4
5.7746,13.404,0.9999371436,0.9986121372,4
5.8051,13.402,0.9998998311,0.9991065618,4
5.7984,13.433,0.9999087783,0.9984075793,4
5.764,13.307,0.9999020565,0.9988387650,4
5.7835,13.379,0.9998822929,0.9981385135,4
5.7722,13.376,0.9998701787,0.9974578545,4
5.728,13.238,0.9998787857,0.9979226227,4
5.7297,13.187,0.9998350762,0.9983007390,4
5.7173,13.164,0.9998313095,0.9979758420,4
5.7163,13.191,0.9998222854,0.9971344543,4
5.6687,13.06,0.9998317592,0.9973763065,4
5.6314,12.932,0.9998247981,0.9978724923,5
5.6787,13.046,0.9997548879,0.9970333177,5
5.6567,12.966,0.9997276954,0.9971630623,5
5.6443,12.933,0.9997115009,0.9968597054,5
5.6281,12.933,0.9997246969,0.9958050471,5
5.6019,12.829,0.9996991173,0.9963229802,5
5.5911,12.786,0.9996651251,0.9961718752,5
5.5828,12.787,0.9996560881,0.9952696322,5
5.5596,12.745,0.9996495844,0.9945438625,5
5.5624,12.715,0.9995910171,0.9946442318,5
5.5079,12.607,0.9996239813,0.9940577466,5
5.5369,12.675,0.9995454953,0.9928669678,5
5.5206,12.621,0.9995162064,0.9926197884,5
5.4554,12.482,0.9995399450,0.9921149357,5
5.4726,12.483,0.9994742269,0.9921585795,5
5.4666,12.418,0.9993988907,0.9926739364,5
5.4423,12.369,0.9993925097,0.9918694629,5
5.3999,12.216,0.9993572703,0.9929431418,5
5.4208,12.263,0.9992591061,0.9915600117,5
5.3085,12.015,0.9994096671,0.9920817670,5
5.3664,12.144,0.9992453402,0.9900355073,6
5.3738,12.119,0.9991177581,0.9898291562,6
5.3466,12.084,0.9991292927,0.9881694006,6
5.3194,11.983,0.9990783409,0.9885706000,6
5.3065,11.915,0.9989815837,0.9885560231,6
5.2974,11.906,0.9989374506,0.9868550018,6
5.2602,11.776,0.9988826539,0.9875472674,6
5.2592,11.808,0.9988327574,0.9846062075,6
5.2382,11.7,0.9987230262,0.9854456605,6
5.1972,11.6,0.9987243127,0.9848827672,6
5.172,11.491,0.9986130053,0.9853560530,6
5.1444,11.447,0.9986147941,0.9834430834,6
5.1347,11.39,0.9984838399,0.9828319763,6
5.0993,11.297,0.9984521179,0.9820852339,6
5.083,11.243,0.9983529740,0.9808405823,6
5.053,11.134,0.9982570664,0.9808561581,6
5.0287,11.058,0.9981694571,0.9798212807,6
5.0013,10.972,0.9980810390,0.9789461147,6
4.9703,10.885,0.9980107223,0.9778066701,6
4.9742,10.833,0.9977317936,0.9769047571,6
5.8995,13.799,0.9999519568,0.9995594085,7
5.9281,13.928,0.9998831800,0.9990291325,7
5.885,13.768,0.9999357820,0.9995138488,7
5.9241,13.941,0.9998320339,0.9987926813,7
5.8374,13.674,0.9998896819,0.9989254487,7
5.8671,13.797,0.9998084030,0.9983923505,7
5.8543,13.76,0.9998086497,0.9985249823,7
5.8324,13.693,0.9998187059,0.9986645556,7
5.8567,13.831,0.9996485239,0.9972306794,7
5.8611,13.885,0.9995189186,0.9961016649,7
5.879,13.946,0.9994685451,0.9963365292,7
5.8391,13.859,0.9993948376,0.9951395070,7
5.781,13.647,0.9995651339,0.9966587008,7
5.7901,13.717,0.9994110693,0.9954522910,7
5.7344,13.544,0.9994806724,0.9957356426,7
5.8106,13.846,0.9991110006,0.9935923269,7
5.7553,13.628,0.9993589807,0.9958298483,7
5.7876,13.834,0.9988629197,0.9915691493,7
5.7107,13.556,0.9991681413,0.9939272590,7
5.7119,13.576,0.9990843816,0.9937301996,7
5.665,13.421,0.9991936833,0.9945322231,8
5.6474,13.389,0.9991249425,0.9940585988,8
5.6752,13.571,0.9985994445,0.9896697766,8
5.6338,13.434,0.9987210717,0.9907844241,8
5.635,13.476,0.9985059257,0.9893866164,8
5.6489,13.559,0.9982410998,0.9880528555,8
5.6132,13.433,0.9983923232,0.9896653764,8
5.6703,13.713,0.9976139750,0.9847369601,8
5.5857,13.443,0.9978561825,0.9852356459,8
5.5724,13.412,0.9978189144,0.9857707008,8
5.5512,13.374,0.9976802573,0.9848742894,8
5.5644,13.479,0.9971866344,0.9817758188,8
5.5233,13.365,0.9971818177,0.9815227104,8
5.4548,13.142,0.9974365306,0.9827955173,8
5.4678,13.263,0.9967680226,0.9779909126,8
5.437,13.185,0.9967084805,0.9777912822,8
5.4115,13.138,0.9965114399,0.9764225779,8
5.3903,13.077,0.9965739114,0.9782632148,8
5.3827,13.121,0.9960121736,0.9742268351,8
5.3716,13.16,0.9953499520,0.9690378953,8
5.3653,13.174,0.9951076203,0.9691278203,9
5.3414,13.154,0.9946374844,0.9655599193,9
5.3192,13.102,0.9946018886,0.9670239979,9
5.279,13.003,0.9944937074,0.9663446433,9
5.2999,13.183,0.9932496257,0.9589958617,9
5.2571,13.071,0.9931928960,0.9589357121,9
5.2325,13.059,0.9925896928,0.9549302752,9
5.1953,12.957,0.9926234737,0.9566642646,9
5.1746,12.964,0.9919262624,0.9525697214,9
5.1646,13.011,0.9911297819,0.9490399855,9
5.096,12.821,0.9910688135,0.9467015688,9
5.0381,12.665,0.9909882471,0.9455039617,9
5.0507,12.838,0.9894230740,0.9376549331,9
5.0128,12.764,0.9891118647,0.9372448743,9
4.9603,12.653,0.9886611618,0.9334569872,9
4.9341,12.653,0.9878281831,0.9299046335,9
4.8892,12.561,0.9874892177,0.9292326508,9
4.8414,12.474,0.9869418954,0.9261616937,9
4.8191,12.505,0.9858640509,0.9225466333,9
4.7779,12.462,0.9850019126,0.9185632360,9
5.8789,13.543,0.9999223719,0.9992107526,1
5.8331,13.432,0.9999398908,0.9994841694,1
5.8683,13.514,0.9999262224,0.9987750087,1
5.8509,13.465,0.9999241369,0.9986753647,1
5.86,13.411,0.9997742592,0.9976896549,1
5.8546,13.419,0.9998312354,0.9974849687,1
5.8287,13.298,0.9996943152,0.9971304143,1
5.861,13.354,0.9996210197,0.9954901603,1
5.8416,13.302,0.9996254779,0.9953640504,1
5.8403,13.301,0.9996449800,0.9946362936,1
5.796,13.194,0.9996730322,0.9953773615,1
5.7925,13.154,0.9995823484,0.9944236813,1
5.8158,13.164,0.9994039002,0.9920149845,1
5.8605,13.232,0.9992344962,0.9878533944,1
5.7608,13.018,0.9994035540,0.9921991914,1
5.7474,12.958,0.9992955700,0.9913854136,1
5.7634,12.995,0.9993081844,0.9890929884,1
5.7461,12.925,0.9992000888,0.9883571636,1
5.7467,12.862,0.9988968428,0.9840709160,2
5.6983,12.743,0.9989101032,0.9856751650,2
5.7016,12.741,0.9988904188,0.9831954842,2
5.699,12.712,0.9987878162,0.9807991121,2
5.6072,12.553,0.9991644282,0.9862883176,2
5.6453,12.57,0.9987653767,0.9803602584,2
5.6421,12.518,0.9985077501,0.9776687830,2
5.65,12.488,0.9981888913,0.9733879800,2
5.6025,12.365,0.9981263451,0.9754750934,2
5.636,12.392,0.9977698639,0.9673266073,2
5.5966,12.298,0.9977898104,0.9685218732,2
5.5509,12.196,0.9978710740,0.9704543317,2
5.5598,12.164,0.9974502703,0.9649199879,2
5.5225,12.075,0.9974743033,0.9656778689,2
5.5291,12.065,0.9973291519,0.9590789995,2
5.5262,12.004,0.9968185230,0.9544271786,2
5.4914,11.906,0.9966462610,0.9550763550,2
5.4748,11.848,0.9965070587,0.9517195138,2
5.4477,11.777,0.9964664237,0.9500313820,2
5.3969,11.613,0.9959761550,0.9469222730,3
5.4123,11.597,0.9954729336,0.9348841410,3
5.3763,11.508,0.9954261848,0.9345533233,3
5.3514,11.408,0.9947685311,0.9340384643,3
5.3303,11.347,0.9947083641,0.9285695495,3
5.2651,11.237,0.9953045191,0.9330036963,3
5.2718,11.161,0.9938219481,0.9267081905,3
5.2822,11.126,0.9929953525,0.9123850166,3
5.2252,11.002,0.9929646063,0.9187807467,3
5.1824,10.906,0.9929761616,0.9186937831,3
5.1848,10.857,0.9920913827,0.9051538005,3
5.1515,10.772,0.9919622661,0.9000795894,3
5.1341,10.688,0.9909025635,0.8952678364,3
5.1073,10.607,0.9905440923,0.8866746944,3
5.0546,10.483,0.9900077652,0.8953538908,3
5.0566,10.431,0.9888336299,0.8750265269,3
4.9584,10.265,0.9896013216,0.8974286405,3
4.9736,10.218,0.9873826193,0.8781730580,3
4.8869,10.068,0.9880632954,0.8933666586,3
4.8966,10.018,0.9859262524,0.8712891372,3
5.8357,13.509,0.9999796215,0.9999047620,4
5.8579,13.604,0.9999755612,0.9995606114,4
5.8522,13.596,0.9999690149,0.9993730230,4
5.8429,13.564,0.9999640512,0.9993303568,4
5.804,13.459,0.9999666293,0.9993778620,4
5.8358,13.504,0.9999375887,0.9993749655,4
5.8343,13.468,0.9999032037,0.9993672650,4
5.8015,13.457,0.9999367473,0.9987457680,4
5.7519,13.341,0.9999368790,0.9986206835,4
5.7824,13.339,0.9998998318,0.9991121063,4
5.7757,13.37,0.9999084855,0.9984176864,4
5.7414,13.244,0.9999019756,0.9988458669,4
5.761,13.316,0.9998819772,0.9981491577,4
5.7497,13.313,0.9998700167,0.9974738330,4
5.7058,13.176,0.9998783931,0.9979360084,4
5.7075,13.125,0.9998347813,0.9983102201,4
5.6952,13.103,0.9998309819,0.9979885007,4
5.6942,13.13,0.9998218907,0.9971522179,4
5.6468,12.999,0.9998316641,0.9973921935,4
5.657,12.985,0.9997547071,0.9970519039,5
5.635,12.906,0.9997273165,0.9971790876,5
5.6227,12.873,0.9997110995,0.9968782795,5
5.6066,12.873,0.9997243858,0.9958311183,5
5.5805,12.77,0.9996988128,0.9963449055,5
5.5698,12.727,0.9996646770,0.9961928230,5
5.5617,12.728,0.9996560821,0.9952966693,5
5.5386,12.686,0.9996494440,0.9945780315,5
5.5414,12.656,0.9995910157,0.9946752670,5
5.4871,12.549,0.9996237456,0.9940931591,5
5.5162,12.616,0.9995447437,0.9929093517,5
5.4999,12.563,0.9995157144,0.9926621723,5
5.4349,12.425,0.9995393316,0.9921609206,5
5.4523,12.426,0.9994740643,0.9922041429,5
5.4463,12.361,0.9993985882,0.9927146487,5
5.4222,12.313,0.9993923727,0.9919157521,5
5.38,12.16,0.9993571907,0.9929832175,5
5.401,12.208,0.9992590177,0.9916072199,5
5.2889,11.961,0.9994095106,0.9921278869,5
5.3544,12.065,0.9991176572,0.9898830697,6
5.3273,12.03,0.9991290717,0.9882353805,6
5.3003,11.929,0.9990782506,0.9886336363,6
5.2875,11.862,0.9989817450,0.9886164565,6
5.2786,11.853,0.9989373565,0.9869279044,6
5.2416,11.723,0.9988832644,0.9876143546,6
5.2408,11.756,0.9988329491,0.9846872312,6
5.2199,11.649,0.9987232143,0.9855220957,6
5.1791,11.549,0.9987247986,0.9849655797,6
5.1541,11.441,0.9986132132,0.9854357931,6
5.1266,11.397,0.9986161052,0.9835319104,6
5.1172,11.341,0.9984842239,0.9829223861,6
5.082,11.249,0.9984527164,0.9821787568,6
5.0659,11.194,0.9983544168,0.9809379232,6
5.0361,11.087,0.9982579165,0.9809568748,6
5.012,11.012,0.9981709976,0.9799261739,6
4.9849,10.926,0.9980822524,0.9790547083,6
4.9541,10.84,0.9980127527,0.9779156305,6
4.9583,10.788,0.9977334950,0.9770191563,6
5.9043,13.862,0.9998830660,0.9990339162,7
5.8614,13.703,0.9999358465,0.9995156985,7
5.9002,13.875,0.9998319171,0.9987982293,7
5.814,13.609,0.9998896766,0.9989314244,7
5.8435,13.732,0.9998082585,0.9984009207,7
5.8307,13.694,0.9998087129,0.9985320069,7
5.8089,13.628,0.9998185853,0.9986700944,7
5.8331,13.765,0.9996485506,0.9972455814,7
5.8375,13.819,0.9995189553,0.9961245984,7
5.8552,13.879,0.9994686601,0.9963555589,7
5.8156,13.793,0.9993946256,0.9951658121,7
5.7577,13.583,0.9995652331,0.9966760903,7
5.7667,13.652,0.9994111508,0.9954771871,7
5.7113,13.48,0.9994807652,0.9957588314,7
5.787,13.78,0.9991106571,0.9936289785,7
5.7319,13.564,0.9993587995,0.9958511982,7
5.7641,13.769,0.9988629652,0.9916176949,7
5.6876,13.491,0.9991685814,0.9939604989,7
5.6887,13.512,0.9990849670,0.9937650057,7
5.6245,13.326,0.9991247254,0.9940909080,8
5.6522,13.506,0.9985991837,0.9897283165,8
5.6109,13.37,0.9987216390,0.9908370158,8
5.6121,13.412,0.9985066607,0.9894473071,8
5.6259,13.494,0.9982414017,0.9881208688,8
5.5902,13.37,0.9983929874,0.9897244411,8
5.647,13.648,0.9976150145,0.9848242829,8
5.5629,13.379,0.9978575514,0.9853217702,8
5.5496,13.349,0.9978201070,0.9858541751,8
5.5285,13.311,0.9976823543,0.9849618274,8
5.5416,13.415,0.9971875245,0.9818807403,8
5.5007,13.302,0.9971829287,0.9816295151,8
5.4325,13.08,0.9974391803,0.9828989076,8
5.4454,13.2,0.9967704974,0.9781222536,8
5.4147,13.124,0.9967102198,0.9779240698,8
5.3893,13.077,0.9965140193,0.9765647991,8
5.3682,13.016,0.9965772518,0.9783969012,8
5.3606,13.059,0.9960171588,0.9743841241,8
5.3495,13.098,0.9953538137,0.9692277276,8
5.3194,13.093,0.9946443171,0.9657710140,9
5.2973,13.041,0.9946071072,0.9672324191,9
5.2573,12.942,0.9944976919,0.9665585090,9
5.278,13.122,0.9932569546,0.9592545222,9
5.2353,13.01,0.9931998745,0.9591980596,9
5.2109,12.998,0.9925985031,0.9552138456,9
5.1737,12.897,0.9926326553,0.9569474466,9
5.1532,12.904,0.9919354370,0.9528760525,9
5.1432,12.951,0.9911418359,0.9493742900,9
5.0749,12.762,0.9910796906,0.9470471406,9
5.0173,12.607,0.9910004516,0.9458564323,9
5.0298,12.78,0.9894363060,0.9380597320,9
4.992,12.706,0.9891302741,0.9376583341,9
4.9398,12.595,0.9886777536,0.9338933948,9
4.9137,12.595,0.9878473746,0.9303656034,9
4.8689,12.504,0.9875119947,0.9297112335,9
4.8213,12.417,0.9869634986,0.9266609776,9
4.7991,12.449,0.9858882433,0.9230839665,9
4.7581,12.406,0.9850296278,0.9191282795,9
